{"stats":{"minecraft:picked_up":{"minecraft:emerald":1,"minecraft:gold_ingot":16,"minecraft:iron_nugget":50,"minecraft:diamond":1,"minecraft:gold_nugget":24},"minecraft:custom":{"minecraft:jump":105,"minecraft:time_since_rest":34034,"minecraft:damage_dealt":10,"minecraft:walk_one_cm":52276,"minecraft:leave_game":2,"minecraft:play_time":34034,"minecraft:time_since_death":34034,"minecraft:sprint_one_cm":6392,"minecraft:walk_on_water_one_cm":564,"minecraft:total_world_time":34034,"minecraft:walk_under_water_one_cm":99,"minecraft:fly_one_cm":23652},"minecraft:used":{"rottencreatures:dead_beard_spawn_egg":1,"rottencreatures:treasure_chest":1,"rottencreatures:immortal_spawn_egg":1}},"DataVersion":3120}